video_id,last_views,last_checked
IkUJv2jOpUk,4,2026-01-01T01:14:56.975637
ohOewQiRoTQ,2,2026-01-01T01:14:56.975637
XD0DoQW3mOw,16,2026-01-01T01:14:56.975637
YKbbWraRVKA,20,2026-01-01T01:14:56.975637
JmRWuPK6ISc,93,2026-01-01T01:14:56.975637
fd8EICeQucw,1,2026-01-01T01:14:56.975637
RmzO57r3yCM,123,2026-01-01T01:14:56.975637
YTF5NsTYlgI,173,2026-01-01T01:14:56.975637
SMcSK4biqto,1,2026-01-01T01:14:56.975637
A4jBM-kcDNw,313,2026-01-01T01:14:56.975637
mgwUMzeVKX4,24,2026-01-01T01:14:56.975637
JOCdpljOEGc,224,2026-01-01T01:14:56.975637
A4o9cGezjG0,114,2026-01-01T01:14:56.975637
gyC1dOXoWu0,67,2026-01-01T01:14:56.975637
SoyaYEPv8_o,206,2026-01-01T01:14:56.975637
WsIFMLGhwMM,72,2026-01-01T01:14:56.975637
gFTfeF8-zGA,296,2026-01-01T01:14:56.975637
nSgvlji2VZ0,29,2026-01-01T01:14:56.975637
QKOMoGepcq0,57,2026-01-01T01:14:56.975637
o9PPrDHqGVE,25,2026-01-01T01:14:56.975637
Gf5W_qvIeMM,11,2026-01-01T01:14:56.975637
Xg3z_ZpM1uI,13,2026-01-01T01:14:56.975637
Ci19n29s-eg,19,2026-01-01T01:14:56.975637
TPQffCNSXTM,74,2026-01-01T01:14:56.975637
8ha1QajAhYE,35,2026-01-01T01:14:56.975637
gRadRGhAXVU,22,2026-01-01T01:14:56.975637
LVMwnKuPerw,20,2026-01-01T01:14:56.975637
Cxm6shHHO5k,2,2026-01-01T01:14:56.975637
bD-BNsn9V-0,1,2026-01-01T01:14:56.975637
nZO6hn-6c8U,0,2026-01-01T01:14:56.975637
zvUUGav-VXE,6,2026-01-01T01:14:56.975637
L9gjIov7kns,0,2026-01-01T01:14:56.975637
ZwiVxfKx3Tw,79,2026-01-01T01:14:56.975637
wQCwEQgoudI,102,2026-01-01T01:14:56.975637
D2vhwpVwCgI,112,2026-01-01T01:14:56.975637
cry2Kun6vrY,6,2026-01-01T01:14:56.975637
_gmVM0OMMNg,6,2026-01-01T01:14:56.975637
riUydLiFe64,5,2026-01-01T01:14:56.975637
1Hi7dm0uK00,29,2026-01-01T01:14:56.975637
FY4faBs9EnQ,108,2026-01-01T01:14:56.975637
V_PdOLYldtU,136,2026-01-01T01:14:56.975637
hZDuGkNjMTo,121,2026-01-01T01:14:56.975637
oSra14ZQDho,208,2026-01-01T01:14:56.975637
RSWSSyeFwCU,228,2026-01-01T01:14:56.975637
w6ZQ7317OB4,96,2026-01-01T01:14:56.975637
r_3eHjQ1Zyg,92,2026-01-01T01:14:56.975637
oXN80Gso_J0,340,2026-01-01T01:14:56.975637
T9R80Bt7t7A,255,2026-01-01T01:14:56.975637
PKWP39lGRjc,16,2026-01-01T01:14:56.975637
rBN6sy9V7RU,65,2026-01-01T01:14:56.975637
V_EqoWg7IFc,137,2026-01-01T01:14:56.975637
2-FDbmdmV2Q,65,2026-01-01T01:14:56.975637
ScsYIbAJpMQ,68,2026-01-01T01:14:56.975637
1eFkXWyX5iQ,34,2026-01-01T01:14:56.975637
ODATVxBUzqY,13,2026-01-01T01:14:56.975637
h9M6gs66nLo,99,2026-01-01T01:14:56.975637
6nfNiUb0Tvk,85,2026-01-01T01:14:56.975637
MCm3glhx1vM,3,2026-01-01T01:14:56.975637
mL4xA9D1JJY,48,2026-01-01T01:14:56.975637
wXpPtSy1c9E,72,2026-01-01T01:14:56.975637
-EkBSKOKJm4,93,2026-01-01T01:14:56.975637
a2SjHrtPuM0,52,2026-01-01T01:14:56.975637
Qy0YLSqRgPg,23,2026-01-01T01:14:56.975637
DHZt4NKDXBA,108,2026-01-01T01:14:56.975637
QMQPwjrJ5XA,68,2026-01-01T01:14:56.975637
eL1MQ5UycEM,75,2026-01-01T01:14:56.975637
dqhby0egzFk,131,2026-01-01T01:14:56.975637
G7ZVTUE3HPA,191,2026-01-01T01:14:56.975637
fs9ZNXs1FoU,879,2026-01-01T01:14:56.975637
oNmZPBd_jtg,202,2026-01-01T01:14:56.975637
xs_RBMC_wAc,113,2026-01-01T01:14:56.975637
lhoFKCGlwO0,6,2026-01-01T01:14:56.975637
IDRTFg7U3vc,93,2026-01-01T01:14:56.975637
aV2-siMrlEM,208,2026-01-01T01:14:56.975637
Yb8g94K-wP0,51,2026-01-01T01:14:56.975637
Js3Bn6AwL24,59,2026-01-01T01:14:56.975637
i9LGNGMrIj0,383,2026-01-01T01:14:56.975637
1yqDpWKUNJI,9,2026-01-01T01:14:56.975637
QHBTS-YS2jY,6,2026-01-01T01:14:56.975637
nyVvUQWIR-4,4483,2026-01-01T01:14:56.975637
RxsiyBytWO0,20,2026-01-01T01:14:56.975637
7JDyROb7DDw,14,2026-01-01T01:14:56.975637
oprUZUqzekU,77,2026-01-01T01:14:56.975637
3fXaTf9EkBA,29,2026-01-01T01:14:56.975637
9nIFAywNgrU,9,2026-01-01T01:14:56.975637
I-QxeTwvO4M,410,2026-01-01T01:14:56.975637
ktuiw6ArJ1s,5,2026-01-01T01:14:56.975637
9-R3rVR13tE,36,2026-01-01T01:14:56.975637
58530HTkUN8,35,2026-01-01T01:14:56.975637
N1feg0enxD0,10,2026-01-01T01:14:56.975637
eG5ZCJID-OE,8,2026-01-01T01:14:56.975637
ZIIkrnPerZI,18,2026-01-01T01:14:56.975637
m8MO0WOb3Eg,362,2026-01-01T01:14:56.975637
VB7-TZWx5-k,13,2026-01-01T01:14:56.975637
4klB-kOaY-4,51,2026-01-01T01:14:56.975637
uNmR_isSlPw,10,2026-01-01T01:14:56.975637
pcbnq5PMD-M,415,2026-01-01T01:14:56.975637
UzzxIGpdtbM,12,2026-01-01T01:14:56.975637
M7fLdV0CFKA,6,2026-01-01T01:14:56.975637
v7Qq2ovz-K8,11,2026-01-01T01:14:56.975637
_nTagPlJY54,66,2026-01-01T01:14:56.975637
CsAFYX0cyoo,136,2026-01-01T01:14:56.975637
Im6xv5dGmpQ,9,2026-01-01T01:14:56.975637
tzf2aYusU_Y,20,2026-01-01T01:14:56.975637
Vs_Gwmk99Rc,802,2026-01-01T01:14:56.975637
IYCcL__VfTI,17,2026-01-01T01:14:56.975637
5cbuK9C1aAo,87,2026-01-01T01:14:56.975637
XUNFeS5nM9Y,24,2026-01-01T01:14:56.975637
SO4vooRdMzQ,281,2026-01-01T01:14:56.975637
2ZKlsYcRolY,11,2026-01-01T01:14:56.975637
vylwgfvCL7U,10,2026-01-01T01:14:56.975637
LUb3wj5y21A,47,2026-01-01T01:14:56.975637
ShuzwE--1Gc,29,2026-01-01T01:14:56.975637
w_wMU-8sL2I,18,2026-01-01T01:14:56.975637
_tcpB3s7DJM,18,2026-01-01T01:14:56.975637
LPljuM5PrNQ,208,2026-01-01T01:14:56.975637
jus5kKpYnxI,5,2026-01-01T01:14:56.975637
502GQnipAQo,63,2026-01-01T01:14:56.975637
7fB08BcKPhU,8,2026-01-01T01:14:56.975637
1OtNZuM3Xzc,2,2026-01-01T01:14:56.975637
s0yU2AgF9oE,44,2026-01-01T01:14:56.975637
81VxG_o0cAA,15,2026-01-01T01:14:56.975637
2slROfPkFcA,35,2026-01-01T01:14:56.975637
Xyi-PBY5u2M,5,2026-01-01T01:14:56.975637
0Q_Egd6oVQ4,33,2026-01-01T01:14:56.975637
t2hMuLgsLpI,7,2026-01-01T01:14:56.975637
demMc9Ggx8E,63,2026-01-01T01:14:56.975637
OJfv2AXlbuU,3,2026-01-01T01:14:56.975637
SDgvD0XFurM,15,2026-01-01T01:14:56.975637
n8ttxEEgBJc,16,2026-01-01T01:14:56.975637
OEdpqQTgMBQ,11,2026-01-01T01:14:56.975637
DsRnDqsAPU8,26,2026-01-01T01:14:56.975637
s4NxC1dB5bw,3,2026-01-01T01:14:56.975637
n-B_3oYG2FA,17,2026-01-01T01:14:56.975637
69O7063RX-Y,4,2026-01-01T01:14:56.975637
j9_SHaEaal4,5,2026-01-01T01:14:56.975637
7WpdNWfICkE,5,2026-01-01T01:14:56.975637
Ag73GaVdj3g,58,2026-01-01T01:14:56.975637
_PmsurHAuYQ,98,2026-01-01T01:14:56.975637
5CO_EIn939A,119,2026-01-01T01:14:56.975637
ZjOT9nfP1i0,135,2026-01-01T01:14:56.975637
nXyMQaOMfvE,7,2026-01-01T01:14:56.975637
873us5uL17E,9,2026-01-01T01:14:56.975637
shWUJFtaiWQ,6,2026-01-01T01:14:56.975637
L5ka-JZk1ko,2,2026-01-01T01:14:56.975637
lTmX6KeSMfQ,1229,2026-01-01T01:14:56.975637
-_pD_s45qLM,30,2026-01-01T01:14:56.975637
c_0B8iavuFY,45,2026-01-01T01:14:56.975637
sAwJp9bSt48,61,2026-01-01T01:14:56.975637
XRAPgHRIgF4,59,2026-01-01T01:14:56.975637
tumnYT1guks,53,2026-01-01T01:14:56.975637
SWz0QbFFKS0,34,2026-01-01T01:14:56.975637
r-udxMUNHWQ,72,2026-01-01T01:14:56.975637
zxYQG1VhBb0,39,2026-01-01T01:14:56.975637
iYmudw1ZDyg,38,2026-01-01T01:14:56.975637
dQithy6G-CY,60,2026-01-01T01:14:56.975637
OQECUkVVhcI,28,2026-01-01T01:14:56.975637
idbcAZacXNE,31,2026-01-01T01:14:56.975637
RwfqmK_54EI,39,2026-01-01T01:14:56.975637
zIP6WEx2SrU,34,2026-01-01T01:14:56.975637
fXLWKDz7YPk,65,2026-01-01T01:14:56.975637
TeX42bEOHOk,43,2026-01-01T01:14:56.975637
MsX7CTI50j8,45,2026-01-01T01:14:56.975637
I7lmk9YYfYc,90,2026-01-01T01:14:56.975637
Dqxghe6YFjc,40,2026-01-01T01:14:56.975637
nhwIPmYNTvQ,11,2026-01-01T01:14:56.975637
fkZzhAJIdhg,42,2026-01-01T01:14:56.975637
1Rx8CT2656A,27,2026-01-01T01:14:56.975637
Qwv4I-hIY9g,27,2026-01-01T01:14:56.975637
C-ZvI1IPGnE,24,2026-01-01T01:14:56.975637
nRJQQTJPuAQ,31,2026-01-01T01:14:56.975637
oWPntVzlut4,279,2026-01-01T01:14:56.975637
CWPBZ2fHlEo,1002,2026-01-01T01:14:56.975637
DfJV3piGXRo,39,2026-01-01T01:14:56.975637
Z4dQybxrA7Y,37,2026-01-01T01:14:56.975637
jRhqOFs18gY,55,2026-01-01T01:14:56.975637
vQJNoT_N890,31,2026-01-01T01:14:56.975637
xkGj8sg1Fro,66,2026-01-01T01:14:56.975637
ytwzd0J575o,49,2026-01-01T01:14:56.975637
aPjLsxS2sHM,40,2026-01-01T01:14:56.975637
LZn5QyQPNVA,24,2026-01-01T01:14:56.975637
8DSWhEtNpJk,196,2026-01-01T01:14:56.975637
OGE_TkNy-S4,40,2026-01-01T01:14:56.975637
K0Fw5uW_42I,17,2026-01-01T01:14:56.975637
n3Higjp8TDw,31,2026-01-01T01:14:56.975637
GAG-D9rS3io,12,2026-01-01T01:14:56.975637
hSE5vwzsCoU,76,2026-01-01T01:14:56.975637
tTsCjrpJtRs,26,2026-01-01T01:14:56.975637
9PwEoEG84Tc,59,2026-01-01T01:14:56.975637
7hJKAzDqNSM,65,2026-01-01T01:14:56.975637
-Ta7KPghaoA,151,2026-01-01T01:14:56.975637
YEkLi7kojU4,38,2026-01-01T01:14:56.975637
O5_K3VmXV-M,48,2026-01-01T01:14:56.975637
ccrwkEA73f4,342,2026-01-01T01:14:56.975637
o5n898R69h0,77,2026-01-01T01:14:56.975637
NY91rzZe2mU,41,2026-01-01T01:14:56.975637
ORKS49RS2VI,66,2026-01-01T01:14:56.975637
DdTq9iuKsfw,56,2026-01-01T01:14:56.975637
bflG5mlmYh4,38,2026-01-01T01:14:56.975637
pydZMGZfgnQ,34,2026-01-01T01:14:56.975637
8gdg2zqlKIQ,352,2026-01-01T01:14:56.975637
s7rnGEP45pY,37,2026-01-01T01:14:56.975637
vFgbD3Zwadw,36,2026-01-01T01:14:56.975637
Sk62WZWLHXE,44,2026-01-01T01:14:56.975637
8p7oZOje7T8,77,2026-01-01T01:14:56.975637
OBnTGHHLCRk,0,2026-01-01T01:14:56.975637
x7u1KdGRrzU,71,2026-01-01T01:14:56.975637
zldGppdsiq0,69,2026-01-01T01:14:56.975637
zHJgpF3KGUw,38,2026-01-01T01:14:56.975637
V0aZqCo3GsY,79,2026-01-01T01:14:56.975637
WJxYG1LPF6I,342,2026-01-01T01:14:56.975637
Y1nTc84QlG4,26,2026-01-01T01:14:56.975637
J80dOeik1rk,52,2026-01-01T01:14:56.975637
dbcg-Yl0mJw,45,2026-01-01T01:14:56.975637
PGTVE0uOQBk,11,2026-01-01T01:14:56.975637
7xUbwCnALXs,38,2026-01-01T01:14:56.975637
fvWi-ugf-aM,93,2026-01-01T01:14:56.975637
6Mr9249WjOE,42,2026-01-01T01:14:56.975637
IJTQOL1VgKE,54,2026-01-01T01:14:56.975637
0pChcHY0t4Y,66,2026-01-01T01:14:56.975637
n2fSAcwOVqQ,84,2026-01-01T01:14:56.975637
W7yQ6BBRSts,33,2026-01-01T01:14:56.975637
ssXeCvkft0Q,55,2026-01-01T01:14:56.975637
EYtcuGauXi0,77,2026-01-01T01:14:56.975637
jH-LJytHd9g,689,2026-01-01T01:14:56.975637
OEw2atgTgf4,91,2026-01-01T01:14:56.975637
ia0M1yyx53A,74,2026-01-01T01:14:56.975637
lilozAi462M,408,2026-01-01T01:14:56.975637
JJxSvzKaQDI,85,2026-01-01T01:14:56.975637
HKZNT3alPvU,28,2026-01-01T01:14:56.975637
8O-JaSYsXy0,40,2026-01-01T01:14:56.975637
zz8waGWmVB0,54,2026-01-01T01:14:56.975637
24GZvOH0t3c,3,2026-01-01T01:14:56.975637
9Y1_ZUSLnaQ,24,2026-01-01T01:14:56.975637
lc76Tnmlg1w,1252,2026-01-01T01:14:56.975637
qkxrO26TW_g,317,2026-01-01T01:14:56.975637
jP2sAMTHdqM,71,2026-01-01T01:14:56.975637
j3LikSWiQZ0,30,2026-01-01T01:14:56.975637
130jBvTZDzo,34,2026-01-01T01:14:56.975637
bnz618SU8ss,33,2026-01-01T01:14:56.975637
Pb10qfCNZio,201,2026-01-01T01:14:56.975637
MfJ5AzDOFls,141,2026-01-01T01:14:56.975637
zMx41OFpIh8,63,2026-01-01T01:14:56.975637
asLF7-Zexms,13,2026-01-01T01:14:56.975637
9vUiCtRLjHY,82,2026-01-01T01:14:56.975637
yFl6FjYxet0,114,2026-01-01T01:14:56.975637
wYOpw_RO8Is,41,2026-01-01T01:14:56.975637
DJnnUy0wXxo,40,2026-01-01T01:14:56.975637
qYm1hyb09_Q,383,2026-01-01T01:14:56.975637
g8pV8K2dFdk,48,2026-01-01T01:14:56.975637
9l0AvsKEL2o,32,2026-01-01T01:14:56.975637
5TfM7XEqJ5s,37,2026-01-01T01:14:56.975637
6FRLfPVErbw,20,2026-01-01T01:14:56.975637
DV8TOdnIyQ8,46,2026-01-01T01:14:56.975637
nCKM0HCtNhY,135,2026-01-01T01:14:56.975637
AAThSj61rnY,63,2026-01-01T01:14:56.975637
EHPDFZPdGZg,66,2026-01-01T01:14:56.975637
qgdi4cvvWro,107,2026-01-01T01:14:56.975637
ppaj53MVhNU,24,2026-01-01T01:14:56.975637
xQzdxtmkavY,23,2026-01-01T01:14:56.975637
zlt79kTb4fw,26,2026-01-01T01:14:56.975637
G2UXD7UeHNk,47,2026-01-01T01:14:56.975637
8P34EwNxaxk,21,2026-01-01T01:14:56.975637
9J4FvYEy0ts,3,2026-01-01T01:14:56.975637
h6wWeKDADnA,604,2026-01-01T01:14:56.975637
axQ-4Amvn5w,27,2026-01-01T01:14:56.975637
sRg1_r2e38o,301,2026-01-01T01:14:56.975637
skVVDK8TzYo,92,2026-01-01T01:14:56.975637
R1KTqqb-mlU,85,2026-01-01T01:14:56.975637
vKRvSjXZFm4,117,2026-01-01T01:14:56.975637
ILyleyse7oo,522,2026-01-01T01:14:56.975637
cM_XEQn7c7w,226,2026-01-01T01:14:56.975637
y_q25_yxSWo,167,2026-01-01T01:14:56.975637
Bvm1nuhiRY8,42,2026-01-01T01:14:56.975637
ciQzoYl_XkQ,38,2026-01-01T01:14:56.975637
LyQd3u_3UMg,2474,2026-01-01T01:14:56.975637
jSe-Ca6TGlA,47,2026-01-01T01:14:56.975637
5hrY0xMY9go,42,2026-01-01T01:14:56.975637
Ge14-kqSoTo,28,2026-01-01T01:14:56.975637
rJikvZ34dy4,32,2026-01-01T01:14:56.975637
8OvZhjDyW-I,529,2026-01-01T01:14:56.975637
G9WaTxwvAYc,38,2026-01-01T01:14:56.975637
Qb3OrRKIacw,150,2026-01-01T01:14:56.975637
XWRAcWY4ccI,57,2026-01-01T01:14:56.975637
rztL7QxGZbM,7,2026-01-01T01:14:56.975637
U-LadCLEtf8,59,2026-01-01T01:14:56.975637
T0tpVq3mqWY,10,2026-01-01T01:14:56.975637
jA5-ZnLkx9Q,36,2026-01-01T01:14:56.975637
13eDCMNqFvs,34,2026-01-01T01:14:56.975637
2okqfYijyyU,23,2026-01-01T01:14:56.975637
3W_8r66CX5w,15,2026-01-01T01:14:56.975637
ldIigUiikwM,38,2026-01-01T01:14:56.975637
T2rMVaDIS10,15,2026-01-01T01:14:56.975637
PpYA0QkjELA,43,2026-01-01T01:14:56.975637
VVXT2jy1y-Y,12,2026-01-01T01:14:56.975637
3DKawFR74nw,38,2026-01-01T01:14:56.975637
YE9WOqfddrA,9,2026-01-01T01:14:56.975637
Sn23spwAgPU,25,2026-01-01T01:14:56.975637
pa6FVxni1L4,30,2026-01-01T01:14:56.975637
up2Tq6TSLfw,8,2026-01-01T01:14:56.975637
6k9qhm_I-5k,3,2026-01-01T01:14:56.975637
JTMD0Ec2DX0,14,2026-01-01T01:14:56.975637
dBP5vJsMtXE,17,2026-01-01T01:14:56.975637
x0giGDnoFak,39,2026-01-01T01:14:56.975637
JnbXI9rfwR8,21,2026-01-01T01:14:56.975637
mP_s3cYh8IA,174,2026-01-01T01:14:56.975637
w-goWJi--RE,78,2026-01-01T01:14:56.975637
26w3eypRFyQ,57,2026-01-01T01:14:56.975637
xhvKQj8KFJg,511,2026-01-01T01:14:56.975637
AWy4JkxopYo,119,2026-01-01T01:14:56.975637
BTqxFPDYIhQ,232,2026-01-01T01:14:56.975637
alW5eMW9Bmg,13,2026-01-01T01:14:56.975637
hXFdYxDay6Y,54,2026-01-01T01:14:56.975637
Dy_ZO6BYknI,321,2026-01-01T01:14:56.975637
9oWht6Jvb3U,78,2026-01-01T01:14:56.975637
jNq68SFfwm0,11,2026-01-01T01:14:56.975637
irCIGAZ85D4,115,2026-01-01T01:14:56.975637
LojdOJoIuAc,49,2026-01-01T01:14:56.975637
XHqT8Yx4VLw,24,2026-01-01T01:14:56.975637
nOvmXcL1bvQ,114,2026-01-01T01:14:56.975637
W3f_i8dK6f0,121,2026-01-01T01:14:56.975637
8jRGHtaeNEw,49,2026-01-01T01:14:56.975637
YhaPuYC6pyc,14,2026-01-01T01:14:56.975637
ojst9puFvLI,1,2026-01-01T01:14:56.975637
Vcsq_ZT4Kv0,62,2026-01-01T01:14:56.975637
4A4kxBAHmv8,130,2026-01-01T01:14:56.975637
YKdW_TTyWno,97,2026-01-01T01:14:56.975637
sygfHRPAN3k,49,2026-01-01T01:14:56.975637
xEIM32h9xdM,19,2026-01-01T01:14:56.975637
xWIgGxr4VXk,2687,2026-01-01T01:14:56.975637
58n5QcHAcss,28,2026-01-01T01:14:56.975637
J7xrIMuk_RA,89,2026-01-01T01:14:56.975637
5RgQoX02uZw,13,2026-01-01T01:14:56.975637
__drQtA_El4,15,2026-01-01T01:14:56.975637
shHAS2uiusY,33,2026-01-01T01:14:56.975637
_HYDUE29K3M,136,2026-01-01T01:14:56.975637
DgbKMWI0wcg,3,2026-01-01T01:14:56.975637
xp-nkma3XWk,34,2026-01-01T01:14:56.975637
GAfwuARCmP4,18,2026-01-01T01:14:56.975637
mAnUaTYiOl8,58,2026-01-01T01:14:56.975637
HiGFbdBCMZw,35,2026-01-01T01:14:56.975637
XvaVWoV1vvw,22,2026-01-01T01:14:56.975637
2LiZ_l2PQyw,25,2026-01-01T01:14:56.975637
aFC89XlVbnU,62,2026-01-01T01:14:56.975637
q8dalj0ukmc,63,2026-01-01T01:14:56.975637
-09taWw352c,10,2026-01-01T01:14:56.975637
ymQbseYIXh0,95,2026-01-01T01:14:56.975637
h6jmixPTtJo,107,2026-01-01T01:14:56.975637
JWkmN6zo-Zc,921,2026-01-01T01:14:56.975637
o-8l1s1IGoA,40,2026-01-01T01:14:56.975637
TYFHpH1ghtY,10,2026-01-01T01:14:56.975637
KNEdXjQqQgY,511,2026-01-01T01:14:56.975637
GWP04a5VaRI,75,2026-01-01T01:14:56.975637
t7aShxyAGAg,144,2026-01-01T01:14:56.975637
JHIwzFG4qgA,19,2026-01-01T01:14:56.975637
0suI2fSdu0A,52,2026-01-01T01:14:56.975637
qF-BehJgrqM,51,2026-01-01T01:14:56.975637
p6bT7O0q7jQ,11,2026-01-01T01:14:56.975637
Ztv2mFAS8N8,20,2026-01-01T01:14:56.975637
R4krAhuxfdg,39,2026-01-01T01:14:56.975637
3WtBCHu7k-4,302,2026-01-01T01:14:56.975637
9popNO2rMaY,15,2026-01-01T01:14:56.975637
bLhQPa3y0M0,70,2026-01-01T01:14:56.975637
AJ9DkAZfPRE,659,2026-01-01T01:14:56.975637
PYXL7aLZ5v0,148,2026-01-01T01:14:56.975637
EbTz7CMJAKk,326,2026-01-01T01:14:56.975637
6gDQS9c-6BE,14,2026-01-01T01:14:56.975637
r1qvUXnaGuM,80,2026-01-01T01:14:56.975637
-wlzoa6nPmY,23,2026-01-01T01:14:56.975637
mgBSxlI7yQ0,32,2026-01-01T01:14:56.975637
KieQi6Fhi3s,368,2026-01-01T01:14:56.975637
j0f4B91kjWE,34,2026-01-01T01:14:56.975637
3vUKktkPexM,122,2026-01-01T01:14:56.975637
O4G6l9o2J6U,283,2026-01-01T01:14:56.975637
WPlyJuHMCN0,38,2026-01-01T01:14:56.975637
6w1OpW8i6jE,38,2026-01-01T01:14:56.975637
gq1J-_59CVU,38,2026-01-01T01:14:56.975637
0IxyCQfQVq0,34,2026-01-01T01:14:56.975637
_O3sMm3Z5ig,83,2026-01-01T01:14:56.975637
WcEPMPEbkPE,37,2026-01-01T01:14:56.975637
OCX0zSgyIxY,313,2026-01-01T01:14:56.975637
gGNACRFQRh0,42,2026-01-01T01:14:56.975637
EXtZlnSe-mE,37,2026-01-01T01:14:56.975637
-2Is1vgXx1s,23,2026-01-01T01:14:56.975637
dPcmRdYWZHY,623,2026-01-01T01:14:56.975637
GSTgtGHaa2Y,339,2026-01-01T01:14:56.975637
l-OOlQbKzi0,145,2026-01-01T01:14:56.975637
J_yS2kgzK4c,92,2026-01-01T01:14:56.975637
g7yuHHuZm5c,24,2026-01-01T01:14:56.975637
658nqK2wmD4,26,2026-01-01T01:14:56.975637
luBYDcuqYxU,60,2026-01-01T01:14:56.975637
m0Xp0dLIbvA,57,2026-01-01T01:14:56.975637
uKG7DIPWKAs,34,2026-01-01T01:14:56.975637
mp7OzT99X9Q,9,2026-01-01T01:14:56.975637
9RSv9Uw3u_Q,44,2026-01-01T01:14:56.975637
R68e8x-pL80,1631,2026-01-01T01:14:56.975637
fWKrpg19H-k,14,2026-01-01T01:14:56.975637
Rc6e1Ce7B_Y,11,2026-01-01T01:14:56.975637
m6ykCu_3UGU,38,2026-01-01T01:14:56.975637
k2KihJVf2vI,22,2026-01-01T01:14:56.975637
omC8o_wTy2E,176,2026-01-01T01:14:56.975637
xqJwfBWEm3o,12,2026-01-01T01:14:56.975637
6UinUm6YIvk,0,2026-01-01T01:14:56.975637
Kf90UtumLag,73,2026-01-01T01:14:56.975637
8aqIOewNz9M,85,2026-01-01T01:14:56.975637
gwB9wjsmXj4,5,2026-01-01T01:14:56.975637
K4qLXUM93A0,196,2026-01-01T01:14:56.975637
Gme5F_tAHNE,23,2026-01-01T01:14:56.975637
Lhog0Qn-MFA,7,2026-01-01T01:14:56.975637
Xn12s6XB6MQ,114,2026-01-01T01:14:56.975637
RRm42JouuAU,131,2026-01-01T01:14:56.975637
1h4ogeDSmns,96,2026-01-01T01:14:56.975637
fCFKqDjSGO8,208,2026-01-01T01:14:56.975637
N_KqIw07Cz0,54,2026-01-01T01:14:56.975637
HPgPp9qGIU4,23,2026-01-01T01:14:56.975637
yfFyLDdPUG4,12,2026-01-01T01:14:56.975637
VgKd2UjSwu0,535,2026-01-01T01:14:56.975637
qHbBWpAiXgg,37,2026-01-01T01:14:56.975637
9z05l6VKkwc,15,2026-01-01T01:14:56.975637
gobLB2JuCV0,33,2026-01-01T01:14:56.975637
UneKhJy1im0,27,2026-01-01T01:14:56.975637
ovBAh5SHZ4Y,36,2026-01-01T01:14:56.975637
xGgOAGBYaFE,43,2026-01-01T01:14:56.975637
vg5ZP4jWA_Y,3,2026-01-01T01:14:56.975637
IOCZ10DgYNU,27,2026-01-01T01:14:56.975637
KG9ZavNxPXU,20,2026-01-01T01:14:56.975637
rZ7cYi0C2Vc,42,2026-01-01T01:14:56.975637
ZrU4A1SBBp4,88,2026-01-01T01:14:56.975637
e7opWg8GtzA,899,2026-01-01T01:14:56.975637
thgAWOWF0Kw,27,2026-01-01T01:14:56.975637
R0l_RXex2dI,113,2026-01-01T01:14:56.975637
LZsrqHlwc8g,48,2026-01-01T01:14:56.975637
hXlDE-okc6I,141,2026-01-01T01:14:56.975637
0uy7LGU95Ak,12,2026-01-01T01:14:56.975637
GlbjBjjhOn0,49,2026-01-01T01:14:56.975637
aFCuyGVsqyE,757,2026-01-01T01:14:56.975637
08SKnKIgEFU,31,2026-01-01T01:14:56.975637
2YSycI7Oa6M,10,2026-01-01T01:14:56.975637
8k3VfNuPnYI,141,2026-01-01T01:14:56.975637
4mS6--OamZ0,195,2026-01-01T01:14:56.975637
mypSsc450q4,12,2026-01-01T01:14:56.975637
lSEhjZNYNiU,2148,2026-01-01T01:14:56.975637
Y2mttZcp0mI,984,2026-01-01T01:14:56.975637
a1nWAo2yYW8,379,2026-01-01T01:14:56.975637
-mtYZPGfE6Q,186,2026-01-01T01:14:56.975637
6ergULIxnBQ,15,2026-01-01T01:14:56.975637
4ZNxhU3F_nU,1,2026-01-01T01:14:56.975637
76VWBp-u82M,42,2026-01-01T01:14:56.975637
KmIPEmJRyhE,709,2026-01-01T01:14:56.975637
pXeI_a5kz1w,1,2026-01-01T01:14:56.975637
qhmGtTm17BQ,47,2026-01-01T01:14:56.975637
wnudxngmbSk,30,2026-01-01T01:14:56.975637
jy7xy_S2L_8,26,2026-01-01T01:14:56.975637
iGYIQ-aJYMI,380,2026-01-01T01:14:56.975637
Lu8-iu_mYRA,84,2026-01-01T01:14:56.975637
kqHPKonjPGs,106,2026-01-01T01:14:56.975637
3tRsQUSktd0,21,2026-01-01T01:14:56.975637
lv2myHoMS7c,294,2026-01-01T01:14:56.975637
eQC1JoYKddU,42,2026-01-01T01:14:56.975637
urS1a1kjtAU,17,2026-01-01T01:14:56.975637
wYG6dYZPMVc,15,2026-01-01T01:14:56.975637
zGwcuuOi8Sc,15,2026-01-01T01:14:56.975637
s_7bU0Ulqs4,10,2026-01-01T01:14:56.975637
uzSDoDMky8w,2,2026-01-01T01:14:56.975637
vB7IHcyQejc,5,2026-01-01T01:14:56.975637
vZcrw3JWeY8,10,2026-01-01T01:14:56.975637
wuJ0avWfTcQ,29,2026-01-01T01:14:56.975637
xIa90iHakyQ,3,2026-01-01T01:14:56.975637
zRSVa51BJSY,6,2026-01-01T01:14:56.975637
cTMZrqYd6cQ,70,2026-01-01T01:14:56.975637
dWBiBllN5fI,4,2026-01-01T01:14:56.975637
gf0adnPdD_E,4,2026-01-01T01:14:56.975637
gnDWmwxKx58,1,2026-01-01T01:14:56.975637
hR-acMjBi2w,14,2026-01-01T01:14:56.975637
iNOHm9rZNBg,2,2026-01-01T01:14:56.975637
nNuG5qzjT9E,4,2026-01-01T01:14:56.975637
pJIWT78Z388,2,2026-01-01T01:14:56.975637
pkYI3IEja-w,12,2026-01-01T01:14:56.975637
rkjXdIpOwuY,26,2026-01-01T01:14:56.975637
SOOVPLPlWgk,6,2026-01-01T01:14:56.975637
Sa6eeEkBVGI,1,2026-01-01T01:14:56.975637
T0Ne6ME-09U,0,2026-01-01T01:14:56.975637
TrB24TbQ8ng,5,2026-01-01T01:14:56.975637
X6ZDtS-s5kw,16,2026-01-01T01:14:56.975637
Y7X-c4lP9Sk,4,2026-01-01T01:14:56.975637
Z1NwK2EXe74,4,2026-01-01T01:14:56.975637
ZXqsqShBvPo,2,2026-01-01T01:14:56.975637
av9UmWDiQ5Y,3,2026-01-01T01:14:56.975637
bLYydwTGWho,2,2026-01-01T01:14:56.975637
KzE7sgreGBk,3,2026-01-01T01:14:56.975637
OCQJkOPKQhc,2,2026-01-01T01:14:56.975637
KqNVfJtZCeo,8,2026-01-01T01:14:56.975637
L-y1SLqbTeU,2,2026-01-01T01:14:56.975637
MCKerYVhemE,6,2026-01-01T01:14:56.975637
MEf1ndTm5pQ,2,2026-01-01T01:14:56.975637
NZsHPn15EU0,12,2026-01-01T01:14:56.975637
NuEIq4kpHKo,60,2026-01-01T01:14:56.975637
PqkWNMWTcyk,5,2026-01-01T01:14:56.975637
QH2ZzajGEUQ,2,2026-01-01T01:14:56.975637
-6dRAx_7lc8,551,2026-01-01T01:14:56.975637
-tSd-oXmWI0,520,2026-01-01T01:14:56.975637
7rJ6U9fVqgc,30,2026-01-01T01:14:56.975637
BOpIRPhnIPo,3,2026-01-01T01:14:56.975637
C_YDkpPQpwQ,6,2026-01-01T01:14:56.975637
EMybMivKcWs,14,2026-01-01T01:14:56.975637
EjbFdMGOmU0,137,2026-01-01T01:14:56.975637
FMC8KbzYvrw,15,2026-01-01T01:14:56.975637
GncyvVjKKQY,90,2026-01-01T01:14:56.975637
K1UQJ0SNJ7E,10,2026-01-01T01:14:56.975637
sSlwu4uiIno,13,2026-01-01T01:14:56.975637
hUbA8K9EuAA,40,2026-01-01T01:14:56.975637
iVgDY64Kh28,82,2026-01-01T01:14:56.975637
d41JboA6A0M,50,2026-01-01T01:14:56.975637
roVHcgsS1Jc,36,2026-01-01T01:14:56.975637
ZcVZrJ9I26g,811,2026-01-01T01:14:56.975637
JOmBHhtgG1U,2306,2026-01-01T01:14:56.975637
Fkd7zBpElYU,43,2026-01-01T01:14:56.975637
Yc2MWjTfIwg,170,2026-01-01T01:14:56.975637
IM7hX6cBZv4,28,2026-01-01T01:14:56.975637
BJJG4OxOCL4,53,2026-01-01T01:14:56.975637
hSH7spo0nKg,45,2026-01-01T01:14:56.975637
9j-_KZrKWDA,53,2026-01-01T01:14:56.975637
LMzcwFBhHlU,54,2026-01-01T01:14:56.975637
zZMIXnQb7ko,41,2026-01-01T01:14:56.975637
ul3aPx7NFiw,126,2026-01-01T01:14:56.975637
Li7T-B3w4x0,48,2026-01-01T01:14:56.975637
ymvzIt084Js,522,2026-01-01T01:14:56.975637
pH8XANy58oY,60,2026-01-01T01:14:56.975637
qlXIoWsHZ0s,83,2026-01-01T01:14:56.975637
jDTf1rHqnIA,44,2026-01-01T01:14:56.975637
ItEUuzScM_o,377,2026-01-01T01:14:56.975637
mVbLQ-x2YFA,36,2026-01-01T01:14:56.975637
2i4fFwZTllc,15,2026-01-01T01:14:56.975637
weH7yKLafvQ,20,2026-01-01T01:14:56.975637
3oDJdNtfnuY,32,2026-01-01T01:14:56.975637
xWDJ8JAENPs,10,2026-01-01T01:14:56.975637
q6O9ii90tNc,36,2026-01-01T01:14:56.975637
38cSBl1HQ2M,907,2026-01-01T01:14:56.975637
3KtZBclShsw,33,2026-01-01T01:14:56.975637
N0yjmLpLxo0,40,2026-01-01T01:14:56.975637
dnTm6DuzXEU,111,2026-01-01T01:14:56.975637
KIRWqGNbgmc,37,2026-01-01T01:14:56.975637
sOGQtqsKGvM,77,2026-01-01T01:14:56.975637
KIGYt61am9Q,43,2026-01-01T01:14:56.975637
nAuShcU4_GA,2249,2026-01-01T01:14:56.975637
pzE1HTtdelo,57,2026-01-01T01:14:56.975637
s3GCFAAxMcw,2074,2026-01-01T01:14:56.975637
9BUnbQ2mCE4,28,2026-01-01T01:14:56.975637
bhwUbJtyr90,31,2026-01-01T01:14:56.975637
5wOFm15qB-A,13,2026-01-01T01:14:56.975637
eeAAp5FvNxQ,118,2026-01-01T01:14:56.975637
-GNDzDA03to,31,2026-01-01T01:14:56.975637
5zT_L5wEgE0,2144,2026-01-01T01:14:56.975637
K-oHRY0Kd-4,1795,2026-01-01T01:14:56.975637
ARAkOnnb750,77,2026-01-01T01:14:56.975637
e6M-3aJry6g,59,2026-01-01T01:14:56.975637
7vqW4wq480Q,22,2026-01-01T01:14:56.975637
gec8cx3D1W8,226,2026-01-01T01:14:56.975637
oUnvJCnEQOM,23,2026-01-01T01:14:56.975637
4RseISlrhO4,28,2026-01-01T01:14:56.975637
334TCyLRMv4,620,2026-01-01T01:14:56.975637
ZEH6-n5r2pk,16,2026-01-01T01:14:56.975637
AdtbRECgzQw,1641,2026-01-01T01:14:56.975637
slJr1n5zxuQ,10,2026-01-01T01:14:56.975637
S4edm0ai9D8,9,2026-01-01T01:14:56.975637
ajL_SPTxlyI,43,2026-01-01T01:14:56.975637
aE3vlG1QrnU,196,2026-01-01T01:14:56.975637
XYFPfnlgY_I,18,2026-01-01T01:14:56.975637
M96VoJy2Vfg,597,2026-01-01T01:14:56.975637
ZrnLV30VzKU,18,2026-01-01T01:14:56.975637
GESa3nikCgY,33,2026-01-01T01:14:56.975637
8EcVqZ79KYk,20,2026-01-01T01:14:56.975637
OH6sqOrG4NY,462,2026-01-01T01:14:56.975637
WtvWkb8eaOM,35,2026-01-01T01:14:56.975637
sEd1Zx0_PiE,60,2026-01-01T01:14:56.975637
qzHc4MLI_RY,9,2026-01-01T01:14:56.975637
WpAh_m1iLIw,22,2026-01-01T01:14:56.975637
_QhE9fuzDjA,10,2026-01-01T01:14:56.975637
Y0gUHvqKzZo,20,2026-01-01T01:14:56.975637
FatH58qwOpQ,24,2026-01-01T01:14:56.975637
RlsGPoHo5L0,11,2026-01-01T01:14:56.975637
lsTNBnth2Gk,68,2026-01-01T01:14:56.975637
ASVOKKpyjiU,52,2026-01-01T01:14:56.975637
ZidW_daO0k8,34,2026-01-01T01:14:56.975637
rDEpVRl76Mw,34,2026-01-01T01:14:56.975637
xqWO8wpXON4,41,2026-01-01T01:14:56.975637
TQXuPI5i0h0,45,2026-01-01T01:14:56.975637
OE-4iHg6i4A,24,2026-01-01T01:14:56.975637
NMggUPRcHSg,144,2026-01-01T01:14:56.975637
PMHCV6xUHS8,39,2026-01-01T01:14:56.975637
6ZYQ3tHmzJk,31,2026-01-01T01:14:56.975637
atOgpDYxgiM,259,2026-01-01T01:14:56.975637
AceKHuEFa8o,11,2026-01-01T01:14:56.975637
LVvx1BA4Gy4,6,2026-01-01T01:14:56.975637
tKc2FjAJmGc,101,2026-01-01T01:14:56.975637
XI18kT6Ku28,61,2026-01-01T01:14:56.975637
20FAqBe7-OI,43,2026-01-01T01:14:56.975637
cpiu0lSmTpA,62,2026-01-01T01:14:56.975637
83oT6aFC75k,42,2026-01-01T01:14:56.975637
oV14o719CLM,60,2026-01-01T01:14:56.975637
C5xnDdEs3LU,5,2026-01-01T01:14:56.975637
u46_Znwme5k,31,2026-01-01T01:14:56.975637
zR9tP10Tlfg,33,2026-01-01T01:14:56.975637
94yuAqzR6os,24,2026-01-01T01:14:56.975637
9QGLKbIOlcU,842,2026-01-01T01:14:56.975637
DphVWpP1uyc,28,2026-01-01T01:14:56.975637
Zn5i1FVnMAM,30,2026-01-01T01:14:56.975637
YEtLtaLvlRU,35,2026-01-01T01:14:56.975637
y2gJ6wptsbU,33,2026-01-01T01:14:56.975637
5Wa_jPDAEt0,35,2026-01-01T01:14:56.975637
j0TggB7C3vg,95,2026-01-01T01:14:56.975637
izrLDPy9AM8,31,2026-01-01T01:14:56.975637
jy3duuJtucM,19,2026-01-01T01:14:56.975637
kXKu13YvWsk,16,2026-01-01T01:14:56.975637
SKM6Uh76qLA,14,2026-01-01T01:14:56.975637
iescTd6YfcI,270,2026-01-01T01:14:56.975637
97T3P_N9hxk,67,2026-01-01T01:14:56.975637
qE7sTWslHa8,64,2026-01-01T01:14:56.975637
DF6UnRcoqCk,124,2026-01-01T01:14:56.975637
G7UfeXBT1H8,33,2026-01-01T01:14:56.975637
QceIn0uvelg,8,2026-01-01T01:14:56.975637
msWUJeegviA,690,2026-01-01T01:14:56.975637
DEUIjWvxtro,20,2026-01-01T01:14:56.975637
E1rnpXGbuxU,14,2026-01-01T01:14:56.975637
QOTxRBFCwjY,387,2026-01-01T01:14:56.975637
EwwHCKDXK6o,43,2026-01-01T01:14:56.975637
cU5S9shdPaw,30,2026-01-01T01:14:56.975637
zdinoCFLP4c,19,2026-01-01T01:14:56.975637
cVCwpLlL8TM,24,2026-01-01T01:14:56.975637
p147TBTOyy8,11,2026-01-01T01:14:56.975637
5uORC-P3Bdc,71,2026-01-01T01:14:56.975637
YBhBRavQUZ4,104,2026-01-01T01:14:56.975637
ZLd3wLfbgL8,23,2026-01-01T01:14:56.975637
vpPo5MNFV84,48,2026-01-01T01:14:56.975637
TczZrk8HyDE,6,2026-01-01T01:14:56.975637
vbImxg6MONQ,31,2026-01-01T01:14:56.975637
ev8TywNGcpE,341,2026-01-01T01:14:56.975637
E5AZYnrif80,3,2026-01-01T01:14:56.975637
TD_t64jkxwo,61,2026-01-01T01:14:56.975637
JFmtkPSXStI,155,2026-01-01T01:14:56.975637
w7WoQtJeY1w,8,2026-01-01T01:14:56.975637
2ynAF1MGTT4,32,2026-01-01T01:14:56.975637
bq2J2lQnSuw,1194,2026-01-01T01:14:56.975637
Moagck0IKbA,31,2026-01-01T01:14:56.975637
8y_sQnnxAnU,177,2026-01-01T01:14:56.975637
xkqcfDaN85k,47,2026-01-01T01:14:56.975637
W832agD9Qy0,301,2026-01-01T01:14:56.975637
XrmL3jXgXRI,55,2026-01-01T01:14:56.975637
VAx5hVEqk2Q,92,2026-01-01T01:14:56.975637
PUyEB4e1-DY,205,2026-01-01T01:14:56.975637
9EzRb8dBBqQ,1132,2026-01-01T01:14:56.975637
pw2IPR7L1lc,67,2026-01-01T01:14:56.975637
ZI8ZWZVBKsc,49,2026-01-01T01:14:56.975637
ReolJW_E6pk,6,2026-01-01T01:14:56.975637
VpexMza3RZ4,7,2026-01-01T01:14:56.975637
YZJXQLSMMck,73,2026-01-01T01:14:56.975637
dy2nugbYC4U,39,2026-01-01T01:14:56.975637
62bVFame8D4,639,2026-01-01T01:14:56.975637
e5qu03FyoLA,3631,2026-01-01T01:14:56.975637
aZpf9vFDdbQ,58,2026-01-01T01:14:56.975637
RFjH3QuniIM,897,2026-01-01T01:14:56.975637
1l87yh-So6A,593,2026-01-01T01:14:56.975637
JbpQb93a4MM,17,2026-01-01T01:14:56.975637
kDXwYmCrHI0,14,2026-01-01T01:14:56.975637
n2aWbN2AhFM,978,2026-01-01T01:14:56.975637
G8z6iHu285Q,66,2026-01-01T01:14:56.975637
HFJH8DflIV4,64,2026-01-01T01:14:56.975637
VhZtsK_HAec,74,2026-01-01T01:14:56.975637
voZYZyrLh9E,9,2026-01-01T01:14:56.975637
hkP0VksVG0E,348,2026-01-01T01:14:56.975637
wsRiw_15bm0,133,2026-01-01T01:14:56.975637
k7NXR3tX_bI,38,2026-01-01T01:14:56.975637
TRv483AmNAI,21,2026-01-01T01:14:56.975637
KPFkfZxM8bs,71,2026-01-01T01:14:56.975637
vC3RepZYPVk,439,2026-01-01T01:14:56.975637
mUyXZXJkMx8,76,2026-01-01T01:14:56.975637
RhBJw3oSoec,373,2026-01-01T01:14:56.975637
F9rv47DJT8Q,82,2026-01-01T01:14:56.975637
nUeGiyQgFNM,27,2026-01-01T01:14:56.975637
hhQaVbBPSws,55,2026-01-01T01:14:56.975637
INHNxIB1woI,349,2026-01-01T01:14:56.975637
GtCCytofmFw,42,2026-01-01T01:14:56.975637
eewc6edYCy8,56,2026-01-01T01:14:56.975637
zIUHkZFq1Xg,137,2026-01-01T01:14:56.975637
2eihDQJRu1g,34,2026-01-01T01:14:56.975637
9hqR8ruGgMk,2293,2026-01-01T01:14:56.975637
ExtNsF47Vyo,79,2026-01-01T01:14:56.975637
pM5w6n2XCHI,82,2026-01-01T01:14:56.975637
ZljLcSPyXAc,2540,2026-01-01T01:14:56.975637
J5Z6YroZs5g,1036,2026-01-01T01:14:56.975637
EFsnUg56Hag,35,2026-01-01T01:14:56.975637
emNGJXQEv8M,44,2026-01-01T01:14:56.975637
x2XFBU2I9bA,326,2026-01-01T01:14:56.975637
chWMmn1y0e0,47,2026-01-01T01:14:56.975637
-X0HQeuliLE,50,2026-01-01T01:14:56.975637
kqjFC6oUU8Q,526,2026-01-01T01:14:56.975637
d8Wq87XAwjw,2386,2026-01-01T01:14:56.975637
kH1KezA9gu8,36,2026-01-01T01:14:56.975637
I3sCH-u6W1E,29,2026-01-01T01:14:56.975637
xR3fTMCUxN4,13,2026-01-01T01:14:56.975637
XMV4-zcZHnI,383,2026-01-01T01:14:56.975637
0uGrTPVCHtE,216,2026-01-01T01:14:56.975637
uYVASZ1wlhU,69,2026-01-01T01:14:56.975637
DB0o3C-wqxI,616,2026-01-01T01:14:56.975637
jtuyVizOr4k,452,2026-01-01T01:14:56.975637
QBI1WS6qicM,872,2026-01-01T01:14:56.975637
tjzerI_pUpk,738,2026-01-01T01:14:56.975637
5iqsG_QLQmE,10,2026-01-01T01:14:56.975637
UW_pdph8-_A,27,2026-01-01T01:14:56.975637
nO5yZWmlLWE,88,2026-01-01T01:14:56.975637
G4MQkRbYa7g,49,2026-01-01T01:14:56.975637
F16DmYW4AiU,0,2026-01-01T01:14:56.975637
dJaZjm4-hD0,28,2026-01-01T01:14:56.975637
ZRDEPsmDtwY,42,2026-01-01T01:14:56.975637
2Z7-C_CouAg,138,2026-01-01T01:14:56.975637
88SM_R400Vg,131,2026-01-01T01:14:56.975637
okB6lj7cvbY,217,2026-01-01T01:14:56.975637
zziDS9aQQ7E,51,2026-01-01T01:14:56.975637
LgWQQfJRZcY,5,2026-01-01T01:14:56.975637
7eRT1eP_VXA,36,2026-01-01T01:14:56.975637
clyuoEqMUCM,6,2026-01-01T01:14:56.975637
lMOOJoVVoZ4,167,2026-01-01T01:14:56.975637
kRQRfAj4GM8,15,2026-01-01T01:14:56.975637
Tp759YE2nE8,3,2026-01-01T01:14:56.975637
G4k9l8zdp5o,33,2026-01-01T01:14:56.975637
Hg3LbE7J20c,275,2026-01-01T01:14:56.975637
GRjVc2TZqN4,104,2026-01-01T01:14:56.975637
xdB4YhQlQOA,11,2026-01-01T01:14:56.975637
ggKI8s-masE,58,2026-01-01T01:14:56.975637
_Pb1vlIZCkg,37,2026-01-01T01:14:56.975637
31fwZP-3HJc,4,2026-01-01T01:14:56.975637
rEvpRk6PLvg,39,2026-01-01T01:14:56.975637
0dYWmwnC9AY,135,2026-01-01T01:14:56.975637
jqe8LCbWCrA,135,2026-01-01T01:14:56.975637
IsDrHlMSbw8,6,2026-01-01T01:14:56.975637
BEig9JRdSqQ,55,2026-01-01T01:14:56.975637
m1HR-ALWmDo,30,2026-01-01T01:14:56.975637
9cSB-YKy_Hg,13,2026-01-01T01:14:56.975637
4Z4nZBr5RUA,6,2026-01-01T01:14:56.975637
Ys_9Qzlj-Lw,22,2026-01-01T01:14:56.975637
_UuceFwqOls,54,2026-01-01T01:14:56.975637
J8Am5SqhyQA,34,2026-01-01T01:14:56.975637
_7NC8rgZarc,66,2026-01-01T01:14:56.975637
Jfm78-xq_Ks,2470,2026-01-01T01:14:56.975637
kPP8KpNbnGY,23,2026-01-01T01:14:56.975637
gywdtHMi9OE,9,2026-01-01T01:14:56.975637
n6ydJy_7tDg,36,2026-01-01T01:14:56.975637
rzcVCYJHHPg,449,2026-01-01T01:14:56.975637
1K3ytj4EQxg,1557,2026-01-01T01:14:56.975637
-eyJ8zq1KT8,58,2026-01-01T01:14:56.975637
X7qf21CasH0,235,2026-01-01T01:14:56.975637
qikgqnOheDM,80,2026-01-01T01:14:56.975637
egdIqNqp3PI,1237,2026-01-01T01:14:56.975637
1W_2pqU3v4E,450,2026-01-01T01:14:56.975637
BGQRvUq6BQs,36,2026-01-01T01:14:56.975637
RsW2xC-e8mo,58,2026-01-01T01:14:56.975637
kGl69DffU_o,10,2026-01-01T01:14:56.975637
kHMrx13yGK0,72,2026-01-01T01:14:56.975637
YwQ-1lx_eJY,52,2026-01-01T01:14:56.975637
HIpcx2dI8DE,31,2026-01-01T01:14:56.975637
vCge86536_c,75,2026-01-01T01:14:56.975637
w7NUVhHEFPQ,310,2026-01-01T01:14:56.975637
SCvOivZs8RQ,790,2026-01-01T01:14:56.975637
ng4h2Vn1HoU,88,2026-01-01T01:14:56.975637
bcrQrrNcxgU,37,2026-01-01T01:14:56.975637
-2KIKJUfovU,2722,2026-01-01T01:14:56.975637
2Ok3iDLspwg,124,2026-01-01T01:14:56.975637
-5g2dhM3wHg,183,2026-01-01T01:14:56.975637
HPfTGlXpfjM,49,2026-01-01T01:14:56.975637
pDRxlwXcBAs,10,2026-01-01T01:14:56.975637
RiUM7z384r8,104,2026-01-01T01:14:56.975637
qf1C_UMLQ8M,1521,2026-01-01T01:14:56.975637
lC_-Bv0-TZg,27,2026-01-01T01:14:56.975637
CLYOTPg--ms,32,2026-01-01T01:14:56.975637
T9MIfp5vUJo,12977,2026-01-01T01:14:56.975637
50nDECn84iw,66,2026-01-01T01:14:56.975637
e045zbfCWKU,1626,2026-01-01T01:14:56.975637
FkfcsvPRn_g,20,2026-01-01T01:14:56.975637
7UhZ-D6gr3M,150,2026-01-01T01:14:56.975637
_9E00fKe-o4,17,2026-01-01T01:14:56.975637
6OswaNiJcFg,12,2026-01-01T01:14:56.975637
L3wsHxpvRQM,31,2026-01-01T01:14:56.975637
HSvFQOoei5c,11,2026-01-01T01:14:56.975637
GLTqkEKuwfE,428,2026-01-01T01:14:56.975637
xR3bt_gXBGA,8,2026-01-01T01:14:56.975637
RMO-GtM-LBw,11,2026-01-01T01:14:56.975637
CQ2WkyHHWs8,6,2026-01-01T01:14:56.975637
nRUB3DYznYI,107,2026-01-01T01:14:56.975637
RBdJ1AlzgbI,18,2026-01-01T01:14:56.975637
6GnqSejWFsM,76,2026-01-01T01:14:56.975637
8-ilJwJguZY,27,2026-01-01T01:14:56.975637
qL3NciZrhgo,213,2026-01-01T01:14:56.975637
F1JY0L_GDhY,5,2026-01-01T01:14:56.975637
iWUiAC2qc74,7,2026-01-01T01:14:56.975637
WQNm5UxadeA,18,2026-01-01T01:14:56.975637
IBfiTdTMma0,28,2026-01-01T01:14:56.975637
_6mV42lleNQ,112,2026-01-01T01:14:56.975637
SFxxVmhvP-k,2,2026-01-01T01:14:56.975637
X58NaM5RC5g,13,2026-01-01T01:14:56.975637
rMYCr7nI8t4,27,2026-01-01T01:14:56.975637
4Wzf5uNTIhk,34,2026-01-01T01:14:56.975637
gSNcKaQ082o,29,2026-01-01T01:14:56.975637
Zxtp7rVR1q0,2,2026-01-01T01:14:56.975637
tZ_sXp5CCYE,58,2026-01-01T01:14:56.975637
CQXyEZuL6y0,54,2026-01-01T01:14:56.975637
ekpJwVYrgSM,16,2026-01-01T01:14:56.975637
CZYsUVU44hY,3126,2026-01-01T01:14:56.975637
tnIX4RUp6bY,29,2026-01-01T01:14:56.975637
k2dfBZzH6SA,23,2026-01-01T01:14:56.975637
5uT4rEJQ9NM,746,2026-01-01T01:14:56.975637
jIJwEXM6kNM,6,2026-01-01T01:14:56.975637
5F6qZauXiyA,295,2026-01-01T01:14:56.975637
s84xzhzqAJI,15,2026-01-01T01:14:56.975637
GnMFrJWn-xg,41,2026-01-01T01:14:56.975637
OTmxF6oqEhY,117,2026-01-01T01:14:56.975637
wRLCXzqWfaA,10,2026-01-01T01:14:56.975637
qpyELc6cfl0,15,2026-01-01T01:14:56.975637
HG7hxlimCr0,133,2026-01-01T01:14:56.975637
DYbTbS5uW3Q,3,2026-01-01T01:14:56.975637
cJS2SNCxz10,93,2026-01-01T01:14:56.975637
bXdxf0tMq_I,13,2026-01-01T01:14:56.975637
dK-iSrpitNI,23,2026-01-01T01:14:56.975637
nVFaGBf7Inw,33,2026-01-01T01:14:56.975637
vxNVUL5qg-k,16,2026-01-01T01:14:56.975637
zaYBgPCYHoU,355,2026-01-01T01:14:56.975637
AktnRLUcsOk,12,2026-01-01T01:14:56.975637
VlRlvKstJXA,27,2026-01-01T01:14:56.975637
IyWrot8sR0A,30,2026-01-01T01:14:56.975637
9Jv-rfq20_I,29,2026-01-01T01:14:56.975637
HTzP_LhvUvI,18,2026-01-01T01:14:56.975637
eh6aguOi7Ts,6,2026-01-01T01:14:56.975637
JAHYXsrpQnQ,26,2026-01-01T01:14:56.975637
-GySWP3dDlA,395,2026-01-01T01:14:56.975637
ajjvg_9NrLs,8,2026-01-01T01:14:56.975637
7TpBTLEPDew,11,2026-01-01T01:14:56.975637
HctG9tCgCAw,7,2026-01-01T01:14:56.975637
AP5bir5fAIk,22,2026-01-01T01:14:56.975637
11LRIXraw-w,64,2026-01-01T01:14:56.975637
ikO5bkOn0oI,11,2026-01-01T01:14:56.975637
PIw4Km2CMro,4,2026-01-01T01:14:56.975637
TXOkP34-vWs,10,2026-01-01T01:14:56.975637
QdK13vDfEF8,10,2026-01-01T01:14:56.975637
OaLANeSJN80,15,2026-01-01T01:14:56.975637
zqQcxflHStw,11,2026-01-01T01:14:56.975637
AuNpHtKOS9o,26,2026-01-01T01:14:56.975637
OqYCny6CdPM,66,2026-01-01T01:14:56.975637
vAKsjUX7iuw,23,2026-01-01T01:14:56.975637
dYYS0hYk4HI,258,2026-01-01T01:14:56.975637
fuTUccyCP-Q,18,2026-01-01T01:14:56.975637
mmw96MrjPqQ,10,2026-01-01T01:14:56.975637
KPAszl3iJRg,66,2026-01-01T01:14:56.975637
e7-tenBT7u0,327,2026-01-01T01:14:56.975637
LUAhetOeVh4,72,2026-01-01T01:14:56.975637
Itd5KFE5wvk,67,2026-01-01T01:14:56.975637
qoJ6uS-BbZQ,31,2026-01-01T01:14:56.975637
fPWiAmjFKoc,38,2026-01-01T01:14:56.975637
dt8MUi_BN-E,15,2026-01-01T01:14:56.975637
_7tV9iBgPvs,19,2026-01-01T01:14:56.975637
CICZIuaTLHM,155,2026-01-01T01:14:56.975637
alMRxyICRcU,59,2026-01-01T01:14:56.975637
VVnKuQb6vWg,248,2026-01-01T01:14:56.975637
OQm5DzJBRdk,4,2026-01-01T01:14:56.975637
yt2gz2PHHfs,2193,2026-01-01T01:14:56.975637
mWk9fHPHEF8,473,2026-01-01T01:14:56.975637
5EDv--3Guuw,53,2026-01-01T01:14:56.975637
C3oJxetTiLk,9,2026-01-01T01:14:56.975637
v7yyZ9gNVTE,84,2026-01-01T01:14:56.975637
_DnlJFv5wiQ,38,2026-01-01T01:14:56.975637
SYUsv8tzjqc,21,2026-01-01T01:14:56.975637
yJTOGF7kRE8,47,2026-01-01T01:14:56.975637
Q74EfrXypT8,30,2026-01-01T01:14:56.975637
3JI6BTsLwps,36,2026-01-01T01:14:56.975637
JSBLULPr_Iw,179,2026-01-01T01:14:56.975637
t4q-7BG7u3M,42,2026-01-01T01:14:56.975637
lx9WExiXO9U,51,2026-01-01T01:14:56.975637
h1VW2jHOExU,14,2026-01-01T01:14:56.975637
pjObB56LuGk,68,2026-01-01T01:14:56.975637
vMXdjTH1PCU,136,2026-01-01T01:14:56.975637
FvUpowAoZVc,414,2026-01-01T01:14:56.975637
IecunYFAHps,62,2026-01-01T01:14:56.975637
gysWKFUzfUE,22,2026-01-01T01:14:56.975637
R6t07q9QE0c,35,2026-01-01T01:14:56.975637
j_l9quZtKus,30,2026-01-01T01:14:56.975637
cdlEwtHJ-YA,415,2026-01-01T01:14:56.975637
cJoyyeai7wo,55,2026-01-01T01:14:56.975637
7Bupie3z9-o,1191,2026-01-01T01:14:56.975637
qW8gZ9V2XnM,72,2026-01-01T01:14:56.975637
EybVGz1AXN8,44,2026-01-01T01:14:56.975637
eKrnlIhyF7w,47,2026-01-01T01:14:56.975637
DwvtvUsubqA,51,2026-01-01T01:14:56.975637
7xCaMLObh2w,32,2026-01-01T01:14:56.975637
jAX_NpzQ3R8,97,2026-01-01T01:14:56.975637
ivt7HTg2xFI,46,2026-01-01T01:14:56.975637
N1DfXfcy-tQ,487,2026-01-01T01:14:56.975637
t_jlrO3D3us,421,2026-01-01T01:14:56.975637
Jl7Vxzvotf8,56,2026-01-01T01:14:56.975637
L-vgnS_DbNM,54,2026-01-01T01:14:56.975637
YNNvDWP7MnY,57,2026-01-01T01:14:56.975637
i1x7vLOB1Qc,66,2026-01-01T01:14:56.975637
c7fdfDc7hwM,52,2026-01-01T01:14:56.975637
TQTV-11XctQ,20,2026-01-01T01:14:56.975637
f_szgAW1CUk,64,2026-01-01T01:14:56.975637
BnJv41MCglY,64,2026-01-01T01:14:56.975637
VRijvlOFfCw,421,2026-01-01T01:14:56.975637
9RPPFpoPa8k,75,2026-01-01T01:14:56.975637
lFeWp0-KTCg,53,2026-01-01T01:14:56.975637
NfaoZEgbBNU,246,2026-01-01T01:14:56.975637
wFsbCk9mP1E,55,2026-01-01T01:14:56.975637
j2gJ2bha03k,79,2026-01-01T01:14:56.975637
tFmAxyslMN8,14,2026-01-01T01:14:56.975637
9Y-aJPRbmfc,149,2026-01-01T01:14:56.975637
9PKkkPhvUAs,391,2026-01-01T01:14:56.975637
Uxcc5zideZk,94,2026-01-01T01:14:56.975637
V7xeLcJccms,2050,2026-01-01T01:14:56.975637
ZsVzMFB1OMM,25,2026-01-01T01:14:56.975637
YhT5h4475k8,66,2026-01-01T01:14:56.975637
poivldKEILo,256,2026-01-01T01:14:56.975637
63FHcprPaJ0,63,2026-01-01T01:14:56.975637
n-p7iEPHHBo,469,2026-01-01T01:14:56.975637
6DzCEwuR3zA,57,2026-01-01T01:14:56.975637
3GFgtpoUU40,62,2026-01-01T01:14:56.975637
n5nIsBC3G0c,491,2026-01-01T01:14:56.975637
1k-7CDX2lj0,45,2026-01-01T01:14:56.975637
PzuDXHJ0XAA,69,2026-01-01T01:14:56.975637
Pd9GZHvubvM,113,2026-01-01T01:14:56.975637
Wys4SbpmP-4,253,2026-01-01T01:14:56.975637
ucG1nUlP4xM,80,2026-01-01T01:14:56.975637
qRLBWYxG2Ls,60,2026-01-01T01:14:56.975637
FGDz7QbiT3U,123,2026-01-01T01:14:56.975637
JhmSenLhZtw,90,2026-01-01T01:14:56.975637
Y7JqGDhFl48,97,2026-01-01T01:14:56.975637
ulD4AM6as10,82,2026-01-01T01:14:56.975637
96CnRFosZbU,504,2026-01-01T01:14:56.975637
LD2kkptEgko,378,2026-01-01T01:14:56.975637
q08bcbVR7S4,5,2026-01-01T01:14:56.975637
yB2gi3Sgmwc,52,2026-01-01T01:14:56.975637
vSQrEm_ycIo,4,2026-01-01T01:14:56.975637
Pklw4zLSCPs,57,2026-01-01T01:14:56.975637
FuoOlg8C0Vw,43,2026-01-01T01:14:56.975637
ev-V8DhnygU,61,2026-01-01T01:14:56.975637
dGgWBKd1t88,152,2026-01-01T01:14:56.975637
ysHQ1-Nz13c,617,2026-01-01T01:14:56.975637
eIfB9h7KQhM,1858,2026-01-01T01:14:56.975637
xAJfB3zLRfc,21,2026-01-01T01:14:56.975637
BiYWioHTF3c,139,2026-01-01T01:14:56.975637
AgWClK93GnI,37,2026-01-01T01:14:56.975637
FDHufcZ8RuE,44,2026-01-01T01:14:56.975637
UpskIibieZk,74,2026-01-01T01:14:56.975637
UNLksiG7V9Y,38,2026-01-01T01:14:56.975637
_IFeN8Qo2XE,77,2026-01-01T01:14:56.975637
9Uu2bKy_YrM,20,2026-01-01T01:14:56.975637
wS-xhpbrxBQ,13,2026-01-01T01:14:56.975637
xRrOWdWTVtI,303,2026-01-01T01:14:56.975637
sI_qkwWhl9A,21,2026-01-01T01:14:56.975637
MAlnsPwbzcc,1284,2026-01-01T01:14:56.975637
eycAZulWOAI,17,2026-01-01T01:14:56.975637
hTY0fGicf-M,80,2026-01-01T01:14:56.975637
brujyO4uWhc,9,2026-01-01T01:14:56.975637
suM6_IVXruA,6,2026-01-01T01:14:56.975637
j9twFqMaA6A,20,2026-01-01T01:14:56.975637
P4lQYmP6zIA,39,2026-01-01T01:14:56.975637
kEZg3Na7H8A,5,2026-01-01T01:14:56.975637
dDfKlsWQ8wg,480,2026-01-01T01:14:56.975637
OhaGNTiMXmU,402,2026-01-01T01:14:56.975637
Wee_1bTUWoQ,18,2026-01-01T01:14:56.975637
s4CNAQSy7A0,93,2026-01-01T01:14:56.975637
sMEMJCv9M5Y,26,2026-01-01T01:14:56.975637
igVuPmQpW1Q,104,2026-01-01T01:14:56.975637
h3YzUWbAFYo,387,2026-01-01T01:14:56.975637
t6cYeD582sM,13,2026-01-01T01:14:56.975637
YroolmFUFO4,68,2026-01-01T01:14:56.975637
IcnnM6TwyoU,942,2026-01-01T01:14:56.975637
55h_sjVtG6Q,20,2026-01-01T01:14:56.975637
NZ-JMnXOe6U,225,2026-01-01T01:14:56.975637
p5mD0d5zD6E,31,2026-01-01T01:14:56.975637
C_r170HbZp4,52,2026-01-01T01:14:56.975637
lNydJkdDH0k,34,2026-01-01T01:14:56.975637
TyLmCg9vrgw,32,2026-01-01T01:14:56.975637
oWer1-hW8xU,853,2026-01-01T01:14:56.975637
nTCcclpj5y0,30,2026-01-01T01:14:56.975637
CK3fuGihTKs,52,2026-01-01T01:14:56.975637
c58d0VzoDnY,15,2026-01-01T01:14:56.975637
h1Y63KdPFkk,990,2026-01-01T01:14:56.975637
06KzQHOMJIw,23,2026-01-01T01:14:56.975637
noLZYop7hto,1149,2026-01-01T01:14:56.975637
Z1r96jcXTRk,46,2026-01-01T01:14:56.975637
fQqhQjxGqhc,5,2026-01-01T01:14:56.975637
bNXb3UGPuJA,1645,2026-01-01T01:14:56.975637
txEqu7kH0hA,105,2026-01-01T01:14:56.975637
SBNxwmQ9vK8,389,2026-01-01T01:14:56.975637
i994Rs4Es5U,52,2026-01-01T01:14:56.975637
3vfbyQAaJPU,83,2026-01-01T01:14:56.975637
6UaBMOvYlWc,223,2026-01-01T01:14:56.975637
jTxPuaU1Bnw,31,2026-01-01T01:14:56.975637
-7XqKWvxnVc,457,2026-01-01T01:14:56.975637
8Y4xG6frvX0,42,2026-01-01T01:14:56.975637
awPYpX2vufI,434,2026-01-01T01:14:56.975637
y6ADrAhWZYQ,830,2026-01-01T01:14:56.975637
yuXRkpXuEEw,83,2026-01-01T01:14:56.975637
qxt-wc4cXXo,16,2026-01-01T01:14:56.975637
Zo9P4xPy3eA,284,2026-01-01T01:14:56.975637
eybQ97ulhu0,45,2026-01-01T01:14:56.975637
4-35MKQjtb4,175,2026-01-01T01:14:56.975637
EekRNjww9Cw,235,2026-01-01T01:14:56.975637
--yZ4UdP5SM,28,2026-01-01T01:14:56.975637
PEisZxnwDWo,121,2026-01-01T01:14:56.975637
0-4k3FtfegU,480,2026-01-01T01:14:56.975637
KqKLW5z_Nys,454,2026-01-01T01:14:56.975637
sBf7nPClwSo,4,2026-01-01T01:14:56.975637
6xP441UpuCY,775,2026-01-01T01:14:56.975637
vyZAyoNvC20,29,2026-01-01T01:14:56.975637
Qf3CPMdI8MA,458,2026-01-01T01:14:56.975637
xPJd_QqhUfg,18,2026-01-01T01:14:56.975637
1YU9L-0AnFE,254,2026-01-01T01:14:56.975637
ZWNxsmrH0sM,3,2026-01-01T01:14:56.975637
Kl-ngcxEz9U,11,2026-01-01T01:14:56.975637
YqOD37aokgw,6,2026-01-01T01:14:56.975637
c5OIG_ShkEg,1,2026-01-01T01:14:56.975637
ivsP5u0i-EY,3,2026-01-01T01:14:56.975637
cSH8BS3PzZA,194,2026-01-01T01:14:56.975637
J0wsiUHBUlY,18,2026-01-01T01:14:56.975637
cC01foa0QXM,6,2026-01-01T01:14:56.975637
T_OpIuUvOMY,2,2026-01-01T01:14:56.975637
xFTYEzgV-xU,1,2026-01-01T01:14:56.975637
veScKOaeLMg,2,2026-01-01T01:14:56.975637
Hx8zvD-KbbI,7,2026-01-01T01:14:56.975637
XO5lApSkKlM,2,2026-01-01T01:14:56.975637
LUGMbu9j-gU,4,2026-01-01T01:14:56.975637
1JikOaAu3_0,60,2026-01-01T01:14:56.975637
ZOM871dNvZI,9,2026-01-01T01:14:56.975637
u07sk5qIb9I,0,2026-01-01T01:14:56.975637
VmBS-gCTgGE,85,2026-01-01T01:14:56.975637
cb16QH1HUIA,1393,2026-01-01T01:14:56.975637
57ezy4TNkaM,7,2026-01-01T01:14:56.975637
vBGTrdjY6FM,5,2026-01-01T01:14:56.975637
yzHbTJSXFUg,11,2026-01-01T01:14:56.975637
uVtWHn9XFBY,42,2026-01-01T01:14:56.975637
HTOnQYpXt_M,9,2026-01-01T01:14:56.975637
BfziqfTD6JQ,94,2026-01-01T01:14:56.975637
CJdw7M0y_kg,5251,2026-01-01T01:14:56.975637
yrSYVP3WfQc,102,2026-01-01T01:14:56.975637
mQkMqD_8EOk,63,2026-01-01T01:14:56.975637
HFuOeBxbQbM,9,2026-01-01T01:14:56.975637
Qp5nZK-zH-M,28,2026-01-01T01:14:56.975637
ON3ie4B31xc,232,2026-01-01T01:14:56.975637
9mPqgQfDrOY,16,2026-01-01T01:14:56.975637
IJDQtjZ2mwo,58,2026-01-01T01:14:56.975637
41ZYB-OtcQ4,43,2026-01-01T01:14:56.975637
8WX2rQ4aGMQ,81,2026-01-01T01:14:56.975637
0bw3jzlLcQs,7,2026-01-01T01:14:56.975637
Rvv5GywKSdE,1,2026-01-01T01:14:56.975637
TobMdQHXPf8,1,2026-01-01T01:14:56.975637
CjnLeiGuuwA,1,2026-01-01T01:14:56.975637
9pYz0FtPxuQ,13,2026-01-01T01:14:56.975637
bZtTZzMSXSk,25,2026-01-01T01:14:56.975637
JbKureWAZfA,4,2026-01-01T01:14:56.975637
lRntsybZyR8,3,2026-01-01T01:14:56.975637
KHQ3G-OuXgs,1,2026-01-01T01:14:56.975637
tVHVrmFy-Es,0,2026-01-01T01:14:56.975637
pYTW5FUVTCE,2,2026-01-01T01:14:56.975637
LiADX9A8bLU,7,2026-01-01T01:14:56.975637
h7fpD_f-GZQ,3,2026-01-01T01:14:56.975637
bIklMhtj97Y,19,2026-01-01T01:14:56.975637
DtZyl_UUe9s,5,2026-01-01T01:14:56.975637
ZL_1IoDFECU,1,2026-01-01T01:14:56.975637
fcJRcOl9X-4,1,2026-01-01T01:14:56.975637
Qt21sQ652U0,15,2026-01-01T01:14:56.975637
dcL3oQUSRx8,3,2026-01-01T01:14:56.975637
kA4QjV57qX4,23,2026-01-01T01:14:56.975637
_HU_xr0Y4Og,0,2026-01-01T01:14:56.975637
Li4RliESh7w,2,2026-01-01T01:14:56.975637
4diAnf0_Cd8,4,2026-01-01T01:14:56.975637
3McscDZ669w,0,2026-01-01T01:14:56.975637
iIC3sme1FRo,4,2026-01-01T01:14:56.975637
M7gSvNCxLBw,7,2026-01-01T01:14:56.975637
t_rXm3WdXyk,1,2026-01-01T01:14:56.975637
_6jcFQ-_2ss,6,2026-01-01T01:14:56.975637
gREB2Kr8AyE,6,2026-01-01T01:14:56.975637
Txmpmrz8BGM,1,2026-01-01T01:14:56.975637
zek8-obIpQA,11,2026-01-01T01:14:56.975637
syVL2JceBVk,68,2026-01-01T01:14:56.975637
tP93a5Sba-A,1,2026-01-01T01:14:56.975637
CU2rEQDGfVI,7,2026-01-01T01:14:56.975637
RhONzHRrAW8,1,2026-01-01T01:14:56.975637
mTHT8z23Lhs,11,2026-01-01T01:14:56.975637
dK51WCGeM64,4,2026-01-01T01:14:56.975637
6oYLEVne2h0,8,2026-01-01T01:14:56.975637
4Ip9h_ZEc4s,14,2026-01-01T01:14:56.975637
dRnh92qmyFw,2,2026-01-01T01:14:56.975637
hgDAjXjUJfo,44,2026-01-01T01:14:56.975637
Z_p9SXTOnwo,5,2026-01-01T01:14:56.975637
7gQIclJyMH8,2,2026-01-01T01:14:56.975637
m-u_M_MhaCw,8,2026-01-01T01:14:56.975637
KgzPVWSz32g,2,2026-01-01T01:14:56.975637
imJ1eCxEJdM,4,2026-01-01T01:14:56.975637
7gWlfKmzCz8,7,2026-01-01T01:14:56.975637
jnhXMig0Uoc,1,2026-01-01T01:14:56.975637
cxvXBjAy7t8,7,2026-01-01T01:14:56.975637
fa0RRDot8Yc,1,2026-01-01T01:14:56.975637
qyoW3ZSFZ-k,4,2026-01-01T01:14:56.975637
4bGDCZwUKzY,2,2026-01-01T01:14:56.975637
6TEdgnjVHak,7,2026-01-01T01:14:56.975637
EUC9iccQ4fU,5,2026-01-01T01:14:56.975637
Ov75bhvvLHI,8,2026-01-01T01:14:56.975637
OypuSHL_fnw,3,2026-01-01T01:14:56.975637
XvwrfA0Gesw,0,2026-01-01T01:14:56.975637
C0xheLU4lKs,3,2026-01-01T01:14:56.975637
UfILLJdAkQw,0,2026-01-01T01:14:56.975637
U2hwcSr0F_I,2,2026-01-01T01:14:56.975637
XitJJPdAbOU,1,2026-01-01T01:14:56.975637
otjOeJQqIUo,16,2026-01-01T01:14:56.975637
DArzLp2SSUY,2,2026-01-01T01:14:56.975637
PV9uIHeZ91c,3,2026-01-01T01:14:56.975637
h33YmJwTCXw,30,2026-01-01T01:14:56.975637
bi-5wWzAGW8,4,2026-01-01T01:14:56.975637
DqQa_AUPkDs,3,2026-01-01T01:14:56.975637
OlAzzEUzj-Q,4,2026-01-01T01:14:56.975637
xkBTdB9W_WE,3,2026-01-01T01:14:56.975637
yBpOJhKRdWU,1,2026-01-01T01:14:56.975637
rLq-fAfCPqQ,1,2026-01-01T01:14:56.975637
4lkP3OtbvRg,2,2026-01-01T01:14:56.975637
CqaeDS_zBFQ,1,2026-01-01T01:14:56.975637
4-jH5fjyDQQ,1,2026-01-01T01:14:56.975637
j9nQdmNDW70,1,2026-01-01T01:14:56.975637
oQkUUukoOOY,0,2026-01-01T01:14:56.975637
gxAgqZkvev8,0,2026-01-01T01:14:56.975637
ZYOhoHFTfPg,0,2026-01-01T01:14:56.975637
ywjvfMQ4Apo,0,2026-01-01T01:14:56.975637
xnC4CZwWTno,0,2026-01-01T01:14:56.975637
D_Je_RTOZRs,1,2026-01-01T01:14:56.975637
0Jyu13z-i1E,1,2026-01-01T01:14:56.975637
ZnlyBWR2geQ,0,2026-01-01T01:14:56.975637
Q95K1Dq-cbI,1,2026-01-01T01:14:56.975637
Q9GJ8Zml0zQ,2,2026-01-01T01:14:56.975637
Z2ghjWz9jeU,1,2026-01-01T01:14:56.975637
Q_rzZL4gHHI,0,2026-01-01T01:14:56.975637
iSPc4veUFgI,2,2026-01-01T01:14:56.975637
m7oJqnnPpQc,3,2026-01-01T01:14:56.975637
S8oP12Ybhxc,5,2026-01-01T01:14:56.975637
i2pnyWbIEt8,1,2026-01-01T01:14:56.975637
_FjLlxH9J3s,1,2026-01-01T01:14:56.975637
uOP4DMVrxvI,2,2026-01-01T01:14:56.975637
FMztVdFyRuE,20,2026-01-01T01:14:56.975637
stz5r5R4sS4,3,2026-01-01T01:14:56.975637
ZSfPcuHrqm4,3,2026-01-01T01:14:56.975637
qzM0zfocr40,4,2026-01-01T01:14:56.975637
EpLA1KXZ_rQ,0,2026-01-01T01:14:56.975637
oCXd1VlNHyU,3,2026-01-01T01:14:56.975637
OgZY9p0wizE,0,2026-01-01T01:14:56.975637
hUtKyjbqZFw,1,2026-01-01T01:14:56.975637
95i-rloZvqs,1,2026-01-01T01:14:56.975637
q41SMcrq99E,3,2026-01-01T01:14:56.975637
xF9JmjI6jrE,0,2026-01-01T01:14:56.975637
AouFwc2N_Wg,0,2026-01-01T01:14:56.975637
K94fiZfpaXs,1,2026-01-01T01:14:56.975637
SalGOZKvJUE,0,2026-01-01T01:14:56.975637
NZ7DGD6cin0,2,2026-01-01T01:14:56.975637
0dp8Z-X0r4U,4,2026-01-01T01:14:56.975637
s71iqLeXLxs,1,2026-01-01T01:14:56.975637
dSWanw2EaCY,10,2026-01-01T01:14:56.975637
A0W4sUPbID0,1,2026-01-01T01:14:56.975637
ZJQa_Mzj-Cw,4,2026-01-01T01:14:56.975637
L0RmtRWIZAg,1,2026-01-01T01:14:56.975637
ex-cVQJXtxg,2,2026-01-01T01:14:56.975637
2o4L40v_vKY,0,2026-01-01T01:14:56.975637
wqG8AZcIBw4,3,2026-01-01T01:14:56.975637
tHdxj-OXfGU,4,2026-01-01T01:14:56.975637
xix4zEfIxyI,0,2026-01-01T01:14:56.975637
83tnJlsDZGk,0,2026-01-01T01:14:56.975637
7ZzF9cakfrE,9,2026-01-01T01:14:56.975637
zobWEIRm0AY,2,2026-01-01T01:14:56.975637
BL1-KgiefXM,1,2026-01-01T01:14:56.975637
lacY8sgnsas,9,2026-01-01T01:14:56.975637
V_mmrjQjbvw,7,2026-01-01T01:14:56.975637
Rdvpky66AbU,10,2026-01-01T01:14:56.975637
I9nwty82C30,7,2026-01-01T01:14:56.975637
s3_YfZnJSvs,10,2026-01-01T01:14:56.975637
2jJ5nulgrWI,8,2026-01-01T01:14:56.975637
sRUlRrGE9rk,2,2026-01-01T01:14:56.975637
8vhoO_4fH2g,2,2026-01-01T01:14:56.975637
LI8SpNRthYs,0,2026-01-01T01:14:56.975637
L1YH91RoE5o,2,2026-01-01T01:14:56.975637
DdIxFHvkb_s,3,2026-01-01T01:14:56.975637
ArrawfM55QY,7,2026-01-01T01:14:56.975637
8_Aw67_1g00,9,2026-01-01T01:14:56.975637
094deKSxxk0,6,2026-01-01T01:14:56.975637
-Wo7EX1TpTQ,4,2026-01-01T01:14:56.975637
w2IhTgeL8Is,2,2026-01-01T01:14:56.975637
MHkGHTdkZrM,13,2026-01-01T01:14:56.975637
Moy67BEKfhY,10,2026-01-01T01:14:56.975637
NKkY0IUTnD4,3,2026-01-01T01:14:56.975637
mTBTS9vxSKw,0,2026-01-01T01:14:56.975637
z3ecDbR97j0,3,2026-01-01T01:14:56.975637
yPhJ6nlB_8M,3,2026-01-01T01:14:56.975637
WHpqtZ6j5es,1,2026-01-01T01:14:56.975637
LzbRB0Xg9Fc,4,2026-01-01T01:14:56.975637
98nAR9_v1Rk,3,2026-01-01T01:14:56.975637
GCV8OoM5mE4,15,2026-01-01T01:14:56.975637
SVUF5ponZFk,4,2026-01-01T01:14:56.975637
j0j7fRQvjxE,7,2026-01-01T01:14:56.975637
FpM5bMuXNOM,5,2026-01-01T01:14:56.975637
MOqHrhMo-7I,122,2026-01-01T01:14:56.975637
_7jubAx13Ik,0,2026-01-01T01:14:56.975637
pXRGWltCy98,6,2026-01-01T01:14:56.975637
Q3rb4jQz4WY,8,2026-01-01T01:14:56.975637
apao4BbFgP0,7,2026-01-01T01:14:56.975637
NQn0BB1msbk,9,2026-01-01T01:14:56.975637
nXux1bsBFjc,7,2026-01-01T01:14:56.975637
jVYR1SZnf20,3,2026-01-01T01:14:56.975637
Kz42mw0Ox10,4,2026-01-01T01:14:56.975637
j_RiWFk8hE4,11,2026-01-01T01:14:56.975637
O7nb-L2XqDw,17,2026-01-01T01:14:56.975637
C7xVMuMJ5J0,3,2026-01-01T01:14:56.975637
LQsnhqcDRnE,4,2026-01-01T01:14:56.975637
8F6_kgjywys,6,2026-01-01T01:14:56.975637
VJ8vc-7N-7w,4,2026-01-01T01:14:56.975637
qPm_YACWBk8,71,2026-01-01T01:14:56.975637
tamOBXuMJdM,7,2026-01-01T01:14:56.975637
-0fLDR61vOc,4,2026-01-01T01:14:56.975637
GNpGdERWbFE,5,2026-01-01T01:14:56.975637
diwrO81Nwx0,2,2026-01-01T01:14:56.975637
IkpyVuyE3Fw,4,2026-01-01T01:14:56.975637
K3HvvessmsY,10,2026-01-01T01:14:56.975637
fAFW6btjfeI,2,2026-01-01T01:14:56.975637
APEF4_6OG_g,7,2026-01-01T01:14:56.975637
mmtXLZLF5RQ,5,2026-01-01T01:14:56.975637
9bGI4Q9_ccQ,2,2026-01-01T01:14:56.975637
OC4nG65GA20,1,2026-01-01T01:14:56.975637
zx4LlVCbMUU,2,2026-01-01T01:14:56.975637
KyOIVbMZRp8,3,2026-01-01T01:14:56.975637
gExfxPUYISg,76,2026-01-01T01:14:56.975637
QhXCt0oICR0,1,2026-01-01T01:14:56.975637
lGFLvIoLh8k,2,2026-01-01T01:14:56.975637
tz90dzRvLwU,1,2026-01-01T01:14:56.975637
At-3_l2GEyU,2,2026-01-01T01:14:56.975637
BCUGH4iqvSU,1,2026-01-01T01:14:56.975637
91Zc3sWN_gU,29,2026-01-01T01:14:56.975637
_n0BNq-Cvi4,0,2026-01-01T01:14:56.975637
UIC3QFb-gFw,75,2026-01-01T01:14:56.975637
